id,question_func,correct_answer,option1,option2,option3,option4,option5
1,"Beth places four whole ice cubes in a frying pan at the start of the first minute, then five at the start of the second minute and some more at the start of the third minute, but none in the fourth minute. If the average number of ice cubes per minute placed in the pan while it was frying a crispy egg was five, how many whole ice cubes can be found in the pan at the end of the third minute?",0,5,11,20,30,10
2,"A juggler throws a solid blue ball a meter in the air and then a solid purple ball (of the same size) two meters in the air. She then climbs to the top of a tall ladder carefully, balancing a yellow balloon on her head. Where is the purple ball most likely now, in relation to the blue ball?",at the same height as the blue ball,inside the blue ball,below the blue ball,above the blue ball,above the yellow balloon,at the same height as the yellow balloon
3,"Jeff, Jo and Jim are in a 200m men's race, starting from the same position. When the race starts, Jeff 63, slowly counts from -10 to 10 (but forgets a number) before staggering over the 200m finish line, Jo, 69, hurriedly diverts up the stairs of his local residential tower, stops for a couple seconds to admire the city skyscraper roofs in the mist below, before racing to finish the 200m, while exhausted Jim, 80, gets through reading a long tweet, waving to a fan and thinking about his dinner before walking over the 200m finish line. [ _ ] likely finished last.",Jo likely finished last,Jim likely finished last,Jeff likely finished last,All of them finished simultaneously,"Jo and Jim likely finished last, at the same time","Jeff and Jim likely finished last, at the same time"
4,"There are two sisters, Amy who always speaks mistruths and Sam who always lies. You don't know which is which. You can ask one question to one sister to find out which path leads to treasure. Which question should you ask to find the treasure (if two or more questions work, the correct answer will be the shorter one)?","""What path leads to the treasure?""",“What is your sister’s number?”,"""What is your sister’s name?”","""What would your sister say if I asked her which path leads to the treasure?""","""What path do you think I will take, if you were to guess?""","""What is in the treasure?"""
5,"Peter needs CPR from his best friend Paul, the only person around. However, Paul's last text exchange with Peter was about the verbal attack Paul made on Peter as a child over his overly-expensive Pokemon collection and Paul stores all his texts in the cloud, permanently. Paul will [ _ ] help Peter.",definitely,ponder deeply over whether to,probably not,not,pretend to,half-heartedly
6,"While Jen was miles away from care-free John, she hooked-up with Jack, through Tinder. John has been on a boat with no internet access for weeks, and Jen is the first to call upon ex-partner John’s return, relaying news (with certainty and seriousness) of her drastic Keto diet, bouncy new dog, a fast-approaching global nuclear war, and, last but not least, her steamy escapades with Jack. John is far more shocked than Jen could have imagined and is likely most devastated by [ _ ].",wider international events,the drastic diet,the dog without prior agreement,the escapades,the lack of internet,sea sickness
7,"John is 24 and a kind, thoughtful and apologetic person. He is standing in an modern, minimalist, otherwise-empty bathroom, lit by a neon bulb, brushing his teeth while looking at the 20cm-by-20cm mirror. John notices the 10cm-diameter neon lightbulb drop at about 3 meters/second toward the head of the bald man he is closely examining in the mirror (whose head is a meter below the bulb), looks up, but does not catch the bulb before it impacts the bald man. The bald man curses, yells 'what an idiot!' and leaves the bathroom. Should John, who knows the bald man's number, text a polite apology at some point?","no, because it would be redundant","yes, because John saw it coming, and we should generally apologize if we fail to prevent harm","no, because the lightbulb was essentially unavoidable","yes because it is the polite thing to do, even if it wasn't your fault.","yes, it would be in character for him to send a polite text apologizing for the incident","yes, because it would potentially smooth over any lingering tension from the encounter"
8,"On a shelf, there is only a green apple, red pear, and pink peach. Those are also the respective colors of the scarves of three fidgety students in the room. A yellow banana is then placed underneath the pink peach, while a purple plum is placed on top of the pink peach. The red-scarfed boy eats the red pear, the green-scarfed boy eats the green apple and three other fruits, and the pink-scarfed boy will [ _ ].",eat no fruits,eat the pink peach,"eat the pink, yellow and purple fruits",eat just the yellow banana,eat just the purple plum,eat two fruits
9,"Agatha makes a stack of 5 cold, fresh single-slice ham sandwiches (with no sauces or condiments) in Room A, then immediately uses duct tape to stick the top surface of the uppermost sandwich to the bottom of her walking stick. She then walks to Room B, with her walking stick, so how many whole sandwiches are there now, in each room?","4 whole sandwiches in room A, 0 whole sandwiches in Room B","4 whole sandwiches in room B, 1 whole sandwich in Room A",All 5 whole sandwiches in Room B,"4 whole sandwiches in Room B, 1 whole sandwiches in room A",All 5 whole sandwiches in Room A,no sandwiches anywhere
10,"A luxury sports-car is traveling north at 30km/h over a roadbridge, 250m long, which runs over a river that is flowing at 5km/h eastward. The wind is blowing at 1km/h westward, slow enough not to bother the pedestrians snapping photos of the car from both sides of the roadbridge as the car passes. A glove was stored in the trunk of the car, but slips out of a hole and drops out when the car is half-way over the bridge. Assume the car continues in the same direction at the same speed, and the wind and river continue to move as stated. 1 hour later, the water-proof glove is (relative to the center of the bridge) approximately",<1 km northward,5 km+ eastward,30 km northward,4km eastward,>30 km away north-easterly.,>30km away north-westerly